{"type":"Topology","transform":{"scale":[0.00814439053709045,0.005098344699294346],"translate":[-171.79111060289117,18.916190000000103]},"arcs":[[[9796,5452],[-33,-11],[2,-110],[-4,0],[-31,-22],[-26,-18],[-17,-36],[25,-37],[-9,-49],[0,-54],[-4,-43],[36,-37],[15,-2],[39,-28],[14,-13],[9,-22],[31,-33],[41,-29],[4,-17],[1,-47],[3,-22]],[[9892,4822],[-161,4],[-180,-1],[-166,-3],[-135,0]],[[9250,4822],[2,183],[-15,188],[-21,15],[-13,31],[7,26],[28,22],[2,29]],[[9240,5316],[0,35],[-8,30],[-10,32],[-6,40],[-2,45],[-4,10],[-5,58],[0,26],[-3,24],[-6,39],[-15,41],[-14,35],[-2,36],[-2,38],[5,26],[0,22],[-11,29],[-2,19]],[[9155,5901],[254,0],[1,75],[41,1],[22,-108],[38,-33],[86,-12],[125,-31],[119,-61],[100,26],[151,-51],[-125,-65],[-88,-79],[-83,-82],[0,-29]],[[8320,5304],[-6,-180]],[[8314,5124],[-205,2],[-221,-1],[-191,2],[-242,-1],[1,-100],[-2,-7]],[[7454,5019],[-14,11],[-12,28],[-13,5],[-17,-39],[-29,-6],[-69,12],[-3,-19],[-40,7],[-23,-27],[-22,51],[-15,28],[-25,5],[-7,14],[-8,51],[-22,25],[-14,62],[-15,27],[-15,5],[-12,-27],[-24,-24],[-22,20],[-1,50],[14,13],[-11,50],[12,52],[14,43],[-37,2],[-32,29],[-34,60],[-20,31],[-29,18],[-23,31],[1,36],[-33,52],[-10,206]],[[6844,5901],[367,0],[367,0],[367,1],[367,0]],[[8312,5902],[2,-360],[6,-238]],[[9240,5316],[-234,-11],[-199,1],[-252,-1],[-235,-1]],[[8312,5902],[425,-1],[418,0]],[[1995,33],[-18,-33],[-30,28],[3,55],[-20,71],[6,22],[21,32],[-8,39],[7,18],[9,-4],[47,-33],[22,-17],[20,-26],[31,-69],[-3,-11],[-48,-42],[-39,-30]],[[1929,339],[-41,-14],[-21,41],[-14,16],[-1,12],[12,17],[43,-18],[32,-31],[-10,-23]],[[1846,443],[-4,-21],[-66,6],[9,24],[61,-9]],[[1736,472],[-7,-11],[-8,2],[-43,7],[-16,44],[-5,8],[33,27],[10,-12],[36,-65]],[[1528,601],[-14,-19],[-42,36],[7,14],[18,19],[29,-4],[2,-46]],[[7454,5019],[4,-3],[0,-488]],[[7458,4528],[-366,-2]],[[7092,4526],[-368,2]],[[6724,4528],[2,352],[10,56],[-9,25],[-23,14],[0,31],[17,45],[27,38],[17,64],[17,50],[12,26],[-7,30],[-20,15],[-29,38]],[[6738,5312],[1,35],[-11,30],[-4,273],[0,251]],[[6724,5901],[120,0]],[[6738,5312],[-253,-1],[-44,-21],[-32,9],[-24,-16],[-45,-22],[-56,3],[-28,-16],[-25,-7],[-20,10],[-44,9],[-27,-6],[-48,-21],[-30,-1],[-28,8],[-10,27],[-3,33],[-23,38],[-35,11],[-30,18],[-38,1],[-27,0]],[[5868,5368],[-10,114],[-39,168],[-35,91],[14,38],[178,-67],[65,-185],[31,52],[-20,161],[-42,161],[349,0],[365,0]],[[7704,3547],[0,-1110]],[[7704,2437],[-243,-1],[-280,138],[-185,95],[11,39]],[[7007,2708],[16,-1],[14,39],[-22,27],[-4,29],[-6,35],[23,45],[10,90],[37,40],[-23,38],[-16,37],[-10,34],[-7,27],[-2,17]],[[7017,3165],[7,39],[-6,38],[-2,38],[0,42],[-11,27],[8,24],[26,0],[24,-14],[17,-7],[8,30],[5,6],[-1,158]],[[7092,3546],[198,3],[236,-1],[178,-1]],[[6359,4526],[0,-588],[232,-265],[220,-259],[206,-249]],[[7007,2708],[-156,-22],[-139,-15],[-21,100],[-79,113],[-58,24],[-13,56],[-69,10],[-44,53],[-114,19],[-31,32],[-15,107],[-119,198],[-103,272],[5,46],[-55,64],[-94,165],[-17,160],[-66,107],[27,162],[-4,169]],[[5842,4528],[517,-2]],[[8563,4136],[1,-303],[0,-288]],[[8564,3545],[-118,1]],[[8446,3546],[-147,0],[-209,0],[-194,1],[-192,0]],[[7704,3547],[-1,785]],[[7703,4332],[123,0],[123,0],[246,0],[123,0]],[[8318,4332],[245,0],[0,-190],[0,-6]],[[7092,4526],[0,-980]],[[6359,4526],[365,1],[0,1]],[[8446,3546],[0,-97]],[[8446,3449],[0,-514],[0,-369],[-114,0],[-221,0],[-110,0],[1,-17],[14,-31]],[[8016,2518],[-213,0],[0,-81],[-99,0]],[[5842,4528],[-39,150],[48,185],[29,356],[-12,149]],[[7458,4528],[-1,-191],[246,-5]],[[8314,5124],[3,-400]],[[8317,4724],[1,-392]],[[10084,3355],[-1,-16],[-13,-28],[-21,-19],[-5,-32],[-19,-26],[1,-57],[-14,-18]],[[10012,3159],[-2,-16],[-22,-14],[-1,-29],[-16,-52],[-14,-11],[-22,-27],[-13,-41],[-27,-68],[-3,-47],[15,-51],[-6,-39]],[[9901,2764],[-104,7],[-134,-7],[-119,1]],[[9544,2765],[7,111],[-28,1],[-24,-3],[-6,13]],[[9493,2887],[3,172],[3,191],[-25,207]],[[9474,3457],[150,-3],[135,0],[130,-1],[140,-12],[10,-24],[-14,-21],[-14,-21],[-7,-20],[80,0]],[[9892,4822],[2,-11],[16,-31],[-11,-15],[0,-41],[5,-17],[8,-31],[40,-19],[12,-30]],[[9964,4627],[7,-15],[15,-10],[5,-21],[20,-16],[12,-17],[-6,-53],[-23,-44],[-8,-14],[-28,-12],[-42,-9],[-11,-34],[15,-15],[5,-31],[-16,-34],[-8,-29],[-32,-29],[-2,-36]],[[9867,4208],[-17,16],[-23,32],[-135,-4],[-141,-2],[-110,0],[-110,0]],[[9331,4250],[-8,35],[3,36],[-2,33],[-13,57],[-8,23],[-9,7],[-1,45],[-8,33],[-22,37],[0,16],[-7,32],[-6,20]],[[9250,4624],[0,18],[-20,21],[10,33],[7,31],[3,21],[-16,26],[0,48],[16,0]],[[9475,3547],[-108,0],[-221,-1],[-221,0],[-123,0],[-122,0],[-116,-1]],[[8563,4136],[0,0],[215,0],[160,0],[282,0],[169,0]],[[9389,4136],[29,-26],[16,0],[4,-28],[-18,-37],[10,-19],[15,-41],[32,-18],[-1,-210],[-1,-210]],[[9867,4208],[-11,-49],[11,-59],[21,-40],[23,-33],[28,-27],[12,-9],[10,-37],[2,-33],[14,-8],[23,13],[23,-32],[-6,-36],[-12,-29],[-8,-34],[18,-30],[24,-27],[14,-1],[32,-43],[12,-6],[10,-47],[-5,-30],[16,-48],[13,5],[22,-30]],[[10153,3538],[-4,-20],[2,-31],[-19,-16],[-28,-21]],[[10104,3450],[-3,-19],[-7,-28],[-10,-48]],[[9474,3457],[2,90],[-1,0]],[[9389,4136],[-16,42],[-19,25],[-21,31],[-2,16]],[[8317,4724],[240,0],[184,0],[246,0],[32,-25],[45,-15],[11,8],[29,0],[44,2],[32,-26],[33,-16],[6,-16],[10,-10],[21,-2]],[[9493,2887],[-53,39],[-35,20],[-28,-13],[-43,2],[-25,0],[-21,-16],[-21,-8],[-18,9],[-41,-10],[-18,32],[-20,-28],[-33,13],[-35,30],[-36,-19],[-16,47],[-58,-5],[-36,11],[-41,14],[-19,40],[-32,-13],[-20,16],[-29,21],[0,188],[0,192],[-123,0],[-123,0],[-123,0]],[[9901,2764],[8,-11],[-11,-28],[18,-41],[-5,-24],[16,-34],[-17,-20],[-6,-37],[-24,-30],[-11,-41],[-11,-48],[-15,-22],[5,-49],[108,-6],[116,0],[-3,-33],[-8,-32],[7,-25],[17,-23],[4,-32]],[[10089,2228],[2,-19],[1,-4]],[[10092,2205],[23,-52],[-2,-79],[26,-39],[-24,-26],[-45,29],[-46,-37],[-89,6],[-92,104],[-107,-25],[-90,46],[-76,-14]],[[9570,2118],[-8,21],[12,29],[18,26],[1,39],[-9,13],[10,47],[8,21],[12,72],[-11,27],[-14,44],[-10,46],[-7,30],[-20,22],[-8,210]],[[9570,2118],[-103,-46],[-112,-145],[-122,-85],[-67,-94],[-28,-88],[-1,-135],[6,-94],[23,-67],[-48,-6],[-87,43],[-96,61],[-34,92],[-27,137],[-73,112],[-42,115],[-62,135],[-86,78],[-101,-4],[-77,-155],[-102,59],[-63,59],[-31,108],[-41,102],[-73,87],[-62,62],[-45,69]],[[12050,4323],[-1,6],[-4,24],[27,19],[-10,16],[7,150]],[[12069,4538],[94,-3],[114,-5]],[[12277,4530],[1,-107],[-7,-29]],[[12271,4394],[-54,-10],[-72,-9],[-95,-53],[0,1]],[[12398,4697],[-1,-104],[41,-104],[50,-4],[-12,71],[36,-43],[-9,-56],[-83,-32],[-59,4]],[[12361,4429],[-4,30],[-19,22],[-9,51],[-52,-2]],[[12069,4538],[26,136]],[[12095,4674],[102,-4]],[[12197,4670],[148,-1],[13,19],[26,13],[14,-4]],[[12419,4742],[-21,-45]],[[12197,4670],[-10,21],[9,25],[3,52],[4,12],[4,46],[14,39],[10,17],[14,47],[3,32],[4,19],[24,9],[28,23],[4,24],[-9,28],[15,54],[0,0]],[[12314,5118],[12,48],[39,10]],[[12365,5176],[17,-361],[-4,-19],[22,-29],[6,-27],[13,2]],[[12361,4429],[-90,-35]],[[12095,4674],[6,161],[-18,2],[-2,7],[7,29],[-11,51],[13,40],[-7,30],[-3,59],[5,25],[2,40]],[[12087,5118],[227,0]],[[10580,3152],[32,-244],[29,-194],[17,-62],[11,-35],[-20,-34],[-7,-63],[7,-37],[-4,-34],[-3,-33],[8,-25],[6,-23]],[[10656,2368],[-251,-1],[-70,-11],[-2,-15],[28,-48],[-6,-38],[-9,-27]],[[10346,2228],[-109,21]],[[10237,2249],[-4,300],[22,313],[21,255],[-8,38]],[[10268,3155],[154,0],[158,-3]],[[11087,2317],[22,-136],[41,-168],[55,-139],[0,-84],[59,-228],[-4,-132],[-6,-77],[-30,-119],[-37,-25],[-60,24],[-20,86],[-46,45],[-66,169],[-57,150],[-18,76],[25,131],[-34,107],[-96,165],[-48,30],[-124,-89],[-22,9],[-59,92],[-77,48],[-139,-24]],[[10656,2368],[19,-53],[123,-9],[199,-29],[9,-34],[16,17],[0,69],[15,6],[25,-14],[25,-4]],[[10893,3151],[-14,-17],[-19,-37],[33,-32],[21,-12],[23,-62],[15,-35],[42,-47],[9,-24],[29,-32],[14,-47],[39,-39],[9,-45],[7,-22],[-4,-14],[23,-22],[12,-37],[0,-37],[11,-7],[21,-10]],[[11164,2573],[-58,-116],[-19,-140]],[[10580,3152],[94,-2],[66,2]],[[10740,3152],[153,-1]],[[10092,2205],[-3,23]],[[10012,3159],[121,0],[135,-4]],[[10237,2249],[-94,-13],[-51,-31]],[[11448,2931],[-62,-72],[-18,-66],[-135,-127],[-69,-93]],